amino_acid,nucl,percent
A,GCA,23
A,GCC,40
A,GCG,11
A,GCT,27
C,TGC,54
C,TGT,46
D,GAC,54
D,GAT,46
E,GAA,42
E,GAG,58
F,TTC,54
F,TTT,46
G,GGA,25
G,GGC,34
G,GGG,25
G,GGT,16
H,CAC,58
H,CAT,42
I,ATA,17
I,ATC,47
I,ATT,36
K,AAA,43
K,AAG,57
L,CTA,7
L,CTC,20
L,CTG,40
L,CTT,13
L,TTA,8
L,TTG,13
M,ATG,100
N,AAC,53
N,AAT,47
P,CCA,28
P,CCC,32
P,CCG,11
P,CCT,29
Q,CAA,27
Q,CAG,73
R,AGA,21
R,AGG,21
R,CGA,11
R,CGC,18
R,CGG,20
R,CGT,8
S,AGC,24
S,AGT,15
S,TCA,15
S,TCC,22
S,TCG,5
S,TCT,19
T,ACA,28
T,ACC,36
T,ACG,11
T,ACT,25
V,GTA,12
V,GTC,24
V,GTG,46
V,GTT,18
W,TGG,100
Y,TAC,56
Y,TAT,44
Z,TAA,0.30
Z,TAG,0.24
Z,TGA,0.47
